{
  "north": 42.3935,
  "east": -83.018219,
  "south": 42.315706,
  "west": -83.1
}
